{"count":1,"gauges":{},"self":12.1466832,"total":12.423931999999999,"children":{"AgentResetIfDone":{"count":603,"self":0.003483,"total":0.003483,"children":null},"AgentSendState":{"count":603,"self":0.008172,"total":0.013906,"children":{"CollectObservations":{"count":1452,"self":0.0057339999999999995,"total":0.0057339999999999995,"children":null}}},"DecideAction":{"count":603,"self":0.231809,"total":0.231809,"children":null},"AcademyStep":{"count":603,"self":0.000932,"total":0.000932,"children":null},"AgentAct":{"count":603,"self":0.026191,"total":0.026191,"children":null}}}