{"count":1,"gauges":{},"self":85.74081919999999,"total":179.1805595,"children":{"AgentResetIfDone":{"count":13371,"self":0.2778285,"total":0.2778285,"children":null},"AgentSendState":{"count":13371,"self":1.0283825,"total":4.3892259,"children":{"CollectObservations":{"count":29425,"self":3.3608431999999997,"total":3.3608434,"children":null}}},"DecideAction":{"count":13371,"self":85.488934399999991,"total":85.4889352,"children":null},"AcademyStep":{"count":13371,"self":0.16746819999999998,"total":0.16746819999999998,"children":null},"AgentAct":{"count":13371,"self":3.1142833999999997,"total":3.1142833999999997,"children":null}}}