{"count":1,"gauges":{},"self":15.646023999999999,"total":15.667878,"children":{"AgentResetIfDone":{"count":758,"self":0.0048579999999999995,"total":0.0048579999999999995,"children":null},"AgentSendState":{"count":758,"self":0.0052229999999999993,"total":0.010107999999999999,"children":{"CollectObservations":{"count":758,"self":0.004885,"total":0.004885,"children":null}}},"DecideAction":{"count":758,"self":0.002627,"total":0.002627,"children":null},"AcademyStep":{"count":758,"self":0.001421,"total":0.001421,"children":null},"AgentAct":{"count":758,"self":0.00203,"total":0.00203,"children":null}}}